{"cameraMode":{"drawMode":0,"name":"Shaded","section":"Shading Mode"},"sceneLighting":false,"audioPlay":false,"sceneViewState":{"m_AlwaysRefresh":false,"showFog":true,"showSkybox":false,"showFlares":true,"showImageEffects":true,"showParticleSystems":true,"showVisualEffectGraphs":true,"m_FxEnabled":true},"in2DMode":false,"pivot":{"x":-0.21591779589653016,"y":0.19361288845539094,"z":-0.10145294666290283},"rotation":{"x":0.0026247999630868437,"y":-0.9968777298927307,"z":0.03620203956961632,"w":0.06918930262327194},"size":0.9671637415885925,"orthographic":false}