{"cameraMode":{"drawMode":0,"name":"Shaded","section":"Shading Mode"},"sceneLighting":false,"audioPlay":false,"sceneViewState":{"m_AlwaysRefresh":false,"showFog":true,"showSkybox":false,"showFlares":true,"showImageEffects":true,"showParticleSystems":true,"showVisualEffectGraphs":true,"m_FxEnabled":true},"in2DMode":false,"pivot":{"x":-0.017899319529533387,"y":0.24348938465118409,"z":-0.547787070274353},"rotation":{"x":0.002068800153210759,"y":0.9874342083930969,"z":-0.15713191032409669,"w":0.013636661693453789},"size":1.0010652542114258,"orthographic":false}