{"cameraMode":{"drawMode":0,"name":"Shaded","section":"Shading Mode"},"sceneLighting":false,"audioPlay":false,"sceneViewState":{"m_AlwaysRefresh":false,"showFog":true,"showSkybox":false,"showFlares":true,"showImageEffects":true,"showParticleSystems":true,"showVisualEffectGraphs":true,"m_FxEnabled":true},"in2DMode":false,"pivot":{"x":-0.46432769298553469,"y":0.12840673327445985,"z":0.8684911131858826},"rotation":{"x":-0.00771636376157403,"y":-0.4483707845211029,"z":-0.004003060981631279,"w":0.8937288522720337},"size":0.6092981696128845,"orthographic":false}