{"cameraMode":{"drawMode":0,"name":"Shaded","section":"Shading Mode"},"sceneLighting":false,"audioPlay":false,"sceneViewState":{"m_AlwaysRefresh":false,"showFog":true,"showSkybox":false,"showFlares":true,"showImageEffects":true,"showParticleSystems":true,"showVisualEffectGraphs":true,"m_FxEnabled":true},"in2DMode":false,"pivot":{"x":0.6147202849388123,"y":0.1835937798023224,"z":0.2946172058582306},"rotation":{"x":0.047111306339502338,"y":-0.7027547359466553,"z":0.046585142612457278,"w":0.7082481980323792},"size":0.5007993578910828,"orthographic":false}