{"cameraMode":{"drawMode":0,"name":"Shaded","section":"Shading Mode"},"sceneLighting":false,"audioPlay":false,"sceneViewState":{"m_AlwaysRefresh":false,"showFog":true,"showSkybox":false,"showFlares":true,"showImageEffects":true,"showParticleSystems":true,"showVisualEffectGraphs":true,"m_FxEnabled":true},"in2DMode":false,"pivot":{"x":0.49936896562576296,"y":0.953488826751709,"z":1.8716274499893189},"rotation":{"x":-0.12640923261642457,"y":-0.12700270116329194,"z":0.01631966605782509,"w":-0.983651876449585},"size":1.3282661437988282,"orthographic":false}